{"cameraMode":{"drawMode":0,"name":"Shaded","section":"Shading Mode"},"sceneLighting":true,"audioPlay":false,"sceneViewState":{"m_AlwaysRefresh":false,"showFog":true,"showSkybox":true,"showFlares":true,"showImageEffects":true,"showParticleSystems":true,"showVisualEffectGraphs":true,"m_FxEnabled":true},"in2DMode":false,"pivot":{"x":797.3352661132813,"y":353.01715087890627,"z":759.4802856445313},"rotation":{"x":0.027297452092170717,"y":0.025483563542366029,"z":-0.000695976079441607,"w":0.9993055462837219},"size":810.9386596679688,"orthographic":false}